[
  { "name": { "en": "Afghanistan", "ar": "أفغانستان" }, "code": "AF" },
  { "name": { "en": "Åland Islands", "ar": "جزر أولاند" }, "code": "AX" },
  { "name": { "en": "Albania", "ar": "ألبانيا" }, "code": "AL" },
  { "name": { "en": "Algeria", "ar": "الجزائر" }, "code": "DZ" },
  { "name": { "en": "American Samoa", "ar": "ساموا الأمريكية" }, "code": "AS" },
  { "name": { "en": "Andorra", "ar": "أندورا" }, "code": "AD" },
  { "name": { "en": "Angola", "ar": "أنغولا" }, "code": "AO" },
  { "name": { "en": "Anguilla", "ar": "أنغويلا" }, "code": "AI" },
  { "name": { "en": "Antarctica", "ar": "أنتاركتيكا" }, "code": "AQ" },
  {
    "name": { "en": "Antigua and Barbuda", "ar": "أنتيغوا وباربودا" },
    "code": "AG"
  },
  { "name": { "en": "Argentina", "ar": "الأرجنتين" }, "code": "AR" },
  { "name": { "en": "Armenia", "ar": "أرمينيا" }, "code": "AM" },
  { "name": { "en": "Aruba", "ar": "أروبا" }, "code": "AW" },
  { "name": { "en": "Australia", "ar": "أستراليا" }, "code": "AU" },
  { "name": { "en": "Austria", "ar": "النمسا" }, "code": "AT" },
  { "name": { "en": "Azerbaijan", "ar": "أذربيجان" }, "code": "AZ" },
  { "name": { "en": "Bahamas", "ar": "جزر البهاما" }, "code": "BS" },
  { "name": { "en": "Bahrain", "ar": "البحرين" }, "code": "BH" },
  { "name": { "en": "Bangladesh", "ar": "بنغلاديش" }, "code": "BD" },
  { "name": { "en": "Barbados", "ar": "بربادوس" }, "code": "BB" },
  { "name": { "en": "Belarus", "ar": "بيلاروسيا" }, "code": "BY" },
  { "name": { "en": "Belgium", "ar": "بلجيكا" }, "code": "BE" },
  { "name": { "en": "Belize", "ar": "بليز" }, "code": "BZ" },
  { "name": { "en": "Benin", "ar": "بنين" }, "code": "BJ" },
  { "name": { "en": "Bermuda", "ar": "برمودا" }, "code": "BM" },
  { "name": { "en": "Bhutan", "ar": "بوتان" }, "code": "BT" },
  { "name": { "en": "Bolivia", "ar": "بوليفيا" }, "code": "BO" },
  {
    "name": { "en": "Bosnia and Herzegovina", "ar": "البوسنة والهرسك" },
    "code": "BA"
  },
  { "name": { "en": "Botswana", "ar": "بوتسوانا" }, "code": "BW" },
  { "name": { "en": "Bouvet Island", "ar": "جزيرة بوفيه" }, "code": "BV" },
  { "name": { "en": "Brazil", "ar": "البرازيل" }, "code": "BR" },
  {
    "name": {
      "en": "British Indian Ocean Territory",
      "ar": "إقليم المحيط الهندي البريطاني"
    },
    "code": "IO"
  },
  {
    "name": { "en": "Brunei Darussalam", "ar": "بروناي دار السلام" },
    "code": "BN"
  },
  { "name": { "en": "Bulgaria", "ar": "بلغاريا" }, "code": "BG" },
  { "name": { "en": "Burkina Faso", "ar": "بوركينا فاسو" }, "code": "BF" },
  { "name": { "en": "Burundi", "ar": "بوروندي" }, "code": "BI" },
  { "name": { "en": "Cambodia", "ar": "كمبوديا" }, "code": "KH" },
  { "name": { "en": "Cameroon", "ar": "الكاميرون" }, "code": "CM" },
  { "name": { "en": "Canada", "ar": "كندا" }, "code": "CA" },
  { "name": { "en": "Cape Verde", "ar": "الرأس الأخضر" }, "code": "CV" },
  { "name": { "en": "Cayman Islands", "ar": "جزر كايمان" }, "code": "KY" },
  {
    "name": {
      "en": "Central African Republic",
      "ar": "جمهورية أفريقيا الوسطى"
    },
    "code": "CF"
  },
  { "name": { "en": "Chad", "ar": "تشاد" }, "code": "TD" },
  { "name": { "en": "Chile", "ar": "تشيلي" }, "code": "CL" },
  { "name": { "en": "China", "ar": "الصين" }, "code": "CN" },
  { "name": { "en": "Christmas Island", "ar": "جزيرة كريسماس" }, "code": "CX" },
  {
    "name": { "en": "Cocos (Keeling) Islands", "ar": "جزر كوكوس (كيلينغ)" },
    "code": "CC"
  },
  { "name": { "en": "Colombia", "ar": "كولومبيا" }, "code": "CO" },
  { "name": { "en": "Comoros", "ar": "جزر القمر" }, "code": "KM" },
  { "name": { "en": "Congo", "ar": "الكونغو" }, "code": "CG" },
  {
    "name": {
      "en": "Congo, The Democratic Republic of the",
      "ar": "جمهورية الكونغو الديمقراطية"
    },
    "code": "CD"
  },
  { "name": { "en": "Cook Islands", "ar": "جزر كوك" }, "code": "CK" },
  { "name": { "en": "Costa Rica", "ar": "كوستاريكا" }, "code": "CR" },
  { "name": { "en": "Cote D'Ivoire", "ar": "ساحل العاج" }, "code": "CI" },
  { "name": { "en": "Croatia", "ar": "كرواتيا" }, "code": "HR" },
  { "name": { "en": "Cuba", "ar": "كوبا" }, "code": "CU" },
  { "name": { "en": "Cyprus", "ar": "قبرص" }, "code": "CY" },
  { "name": { "en": "Czech Republic", "ar": "جمهورية التشيك" }, "code": "CZ" },
  { "name": { "en": "Denmark", "ar": "الدنمارك" }, "code": "DK" },
  { "name": { "en": "Djibouti", "ar": "جيبوتي" }, "code": "DJ" },
  { "name": { "en": "Dominica", "ar": "دومينيكا" }, "code": "DM" },
  {
    "name": { "en": "Dominican Republic", "ar": "جمهورية الدومينيكان" },
    "code": "DO"
  },
  { "name": { "en": "Ecuador", "ar": "الإكوادور" }, "code": "EC" },
  { "name": { "en": "Egypt", "ar": "مصر" }, "code": "EG" },
  { "name": { "en": "El Salvador", "ar": "السلفادور" }, "code": "SV" },
  {
    "name": { "en": "Equatorial Guinea", "ar": "غينيا الاستوائية" },
    "code": "GQ"
  },
  { "name": { "en": "Eritrea", "ar": "إريتريا" }, "code": "ER" },
  { "name": { "en": "Estonia", "ar": "إستونيا" }, "code": "EE" },
  { "name": { "en": "Ethiopia", "ar": "إثيوبيا" }, "code": "ET" },
  {
    "name": {
      "en": "Falkland Islands (Malvinas)",
      "ar": "جزر فوكلاند (مالفيناس)"
    },
    "code": "FK"
  },
  { "name": { "en": "Faroe Islands", "ar": "جزر فارو" }, "code": "FO" },
  { "name": { "en": "Fiji", "ar": "فيجي" }, "code": "FJ" },
  { "name": { "en": "Finland", "ar": "فنلندا" }, "code": "FI" },
  { "name": { "en": "France", "ar": "فرنسا" }, "code": "FR" },
  { "name": { "en": "French Guiana", "ar": "غيانا الفرنسية" }, "code": "GF" },
  {
    "name": { "en": "French Polynesia", "ar": "بولينيزيا الفرنسية" },
    "code": "PF"
  },
  {
    "name": {
      "en": "French Southern Territories",
      "ar": "الأقاليم الجنوبية الفرنسية"
    },
    "code": "TF"
  },
  { "name": { "en": "Gabon", "ar": "الغابون" }, "code": "GA" },
  { "name": { "en": "Gambia", "ar": "غامبيا" }, "code": "GM" },
  { "name": { "en": "Georgia", "ar": "جورجيا" }, "code": "GE" },
  { "name": { "en": "Germany", "ar": "ألمانيا" }, "code": "DE" },
  { "name": { "en": "Ghana", "ar": "غانا" }, "code": "GH" },
  { "name": { "en": "Gibraltar", "ar": "جبل طارق" }, "code": "GI" },
  { "name": { "en": "Greece", "ar": "اليونان" }, "code": "GR" },
  { "name": { "en": "Greenland", "ar": "غرينلاند" }, "code": "GL" },
  { "name": { "en": "Grenada", "ar": "غرينادا" }, "code": "GD" },
  { "name": { "en": "Guadeloupe", "ar": "جوادلوب" }, "code": "GP" },
  { "name": { "en": "Guam", "ar": "غوام" }, "code": "GU" },
  { "name": { "en": "Guatemala", "ar": "غواتيمالا" }, "code": "GT" },
  { "name": { "en": "Guernsey", "ar": "غيرنزي" }, "code": "GG" },
  { "name": { "en": "Guinea", "ar": "غينيا" }, "code": "GN" },
  { "name": { "en": "Guinea-Bissau", "ar": "غينيا بيساو" }, "code": "GW" },
  { "name": { "en": "Guyana", "ar": "غيانا" }, "code": "GY" },
  { "name": { "en": "Haiti", "ar": "هايتي" }, "code": "HT" },
  {
    "name": {
      "en": "Heard Island and Mcdonald Islands",
      "ar": "جزيرة هيرد وجزر ماكدونالد"
    },
    "code": "HM"
  },
  {
    "name": {
      "en": "Holy See (Vatican City State)",
      "ar": "الكرسي الرسولي (دولة الفاتيكان)"
    },
    "code": "VA"
  },
  { "name": { "en": "Honduras", "ar": "هندوراس" }, "code": "HN" },
  { "name": { "en": "Hong Kong", "ar": "هونغ كونغ" }, "code": "HK" },
  { "name": { "en": "Hungary", "ar": "هنغاريا" }, "code": "HU" },
  { "name": { "en": "Iceland", "ar": "آيسلندا" }, "code": "IS" },
  { "name": { "en": "India", "ar": "الهند" }, "code": "IN" },
  { "name": { "en": "Indonesia", "ar": "إندونيسيا" }, "code": "ID" },
  {
    "name": { "en": "Iran, Islamic Republic Of", "ar": "إيران، جمهورية" },
    "code": "IR"
  },
  { "name": { "en": "Iraq", "ar": "العراق" }, "code": "IQ" },
  { "name": { "en": "Ireland", "ar": "أيرلندا" }, "code": "IE" },
  { "name": { "en": "Isle of Man", "ar": "جزيرة مان" }, "code": "IM" },
  { "name": { "en": "Israel", "ar": "إسرائيل" }, "code": "IL" },
  { "name": { "en": "Italy", "ar": "إيطاليا" }, "code": "IT" },
  { "name": { "en": "Jamaica", "ar": "جامايكا" }, "code": "JM" },
  { "name": { "en": "Japan", "ar": "اليابان" }, "code": "JP" },
  { "name": { "en": "Jersey", "ar": "جيرسي" }, "code": "JE" },
  { "name": { "en": "Jordan", "ar": "الأردن" }, "code": "JO" },
  { "name": { "en": "Kazakhstan", "ar": "كازاخستان" }, "code": "KZ" },
  { "name": { "en": "Kenya", "ar": "كينيا" }, "code": "KE" },
  { "name": { "en": "Kiribati", "ar": "كيريباس" }, "code": "KI" },
  {
    "name": {
      "en": "Korea, Democratic People'S Republic of",
      "ar": "كوريا، جمهورية الشعب الديمقراطية"
    },
    "code": "KP"
  },
  {
    "name": { "en": "Korea, Republic of", "ar": "كوريا، جمهورية" },
    "code": "KR"
  },
  { "name": { "en": "Kuwait", "ar": "الكويت" }, "code": "KW" },
  { "name": { "en": "Kyrgyzstan", "ar": "قيرغيزستان" }, "code": "KG" },
  {
    "name": {
      "en": "Lao People'S Democratic Republic",
      "ar": "لاو، جمهورية الشعب الديمقراطية"
    },
    "code": "LA"
  },
  { "name": { "en": "Latvia", "ar": "لاتفيا" }, "code": "LV" },
  { "name": { "en": "Lebanon", "ar": "لبنان" }, "code": "LB" },
  { "name": { "en": "Lesotho", "ar": "ليسوتو" }, "code": "LS" },
  { "name": { "en": "Liberia", "ar": "ليبيريا" }, "code": "LR" },
  {
    "name": {
      "en": "Libyan Arab Jamahiriya",
      "ar": "الجماهيرية العربية الليبية"
    },
    "code": "LY"
  },
  { "name": { "en": "Liechtenstein", "ar": "ليختنشتاين" }, "code": "LI" },
  { "name": { "en": "Lithuania", "ar": "ليتوانيا" }, "code": "LT" },
  { "name": { "en": "Luxembourg", "ar": "لوكسمبورغ" }, "code": "LU" },
  { "name": { "en": "Macao", "ar": "ماكاو" }, "code": "MO" },
  {
    "name": {
      "en": "Macedonia, The Former Yugoslav Republic of",
      "ar": "مقدونيا، الجمهورية اليوغوسلافية السابقة"
    },
    "code": "MK"
  },
  { "name": { "en": "Madagascar", "ar": "مدغشقر" }, "code": "MG" },
  { "name": { "en": "Malawi", "ar": "مالاوي" }, "code": "MW" },
  { "name": { "en": "Malaysia", "ar": "ماليزيا" }, "code": "MY" },
  { "name": { "en": "Maldives", "ar": "جزر المالديف" }, "code": "MV" },
  { "name": { "en": "Mali", "ar": "مالي" }, "code": "ML" },
  { "name": { "en": "Malta", "ar": "مالطا" }, "code": "MT" },
  { "name": { "en": "Marshall Islands", "ar": "جزر مارشال" }, "code": "MH" },
  { "name": { "en": "Martinique", "ar": "مارتينيك" }, "code": "MQ" },
  { "name": { "en": "Mauritania", "ar": "موريتانيا" }, "code": "MR" },
  { "name": { "en": "Mauritius", "ar": "موريشيوس" }, "code": "MU" },
  { "name": { "en": "Mayotte", "ar": "مايوت" }, "code": "YT" },
  { "name": { "en": "Mexico", "ar": "المكسيك" }, "code": "MX" },
  {
    "name": {
      "en": "Micronesia, Federated States of",
      "ar": "ميكرونيزيا، ولايات"
    },
    "code": "FM"
  },
  {
    "name": { "en": "Moldova, Republic of", "ar": "مولدوفا، جمهورية" },
    "code": "MD"
  },
  { "name": { "en": "Monaco", "ar": "موناكو" }, "code": "MC" },
  { "name": { "en": "Mongolia", "ar": "منغوليا" }, "code": "MN" },
  { "name": { "en": "Montenegro", "ar": "الجبل الأسود" }, "code": "ME" },
  { "name": { "en": "Montserrat", "ar": "مونتسيرات" }, "code": "MS" },
  { "name": { "en": "Morocco", "ar": "المغرب" }, "code": "MA" },
  { "name": { "en": "Mozambique", "ar": "موزامبيق" }, "code": "MZ" },
  { "name": { "en": "Myanmar", "ar": "ميانمار" }, "code": "MM" },
  { "name": { "en": "Namibia", "ar": "ناميبيا" }, "code": "NA" },
  { "name": { "en": "Nauru", "ar": "ناورو" }, "code": "NR" },
  { "name": { "en": "Nepal", "ar": "نيبال" }, "code": "NP" },
  { "name": { "en": "Netherlands", "ar": "هولندا" }, "code": "NL" },
  {
    "name": { "en": "Netherlands Antilles", "ar": "جزر الأنتيل الهولندية" },
    "code": "AN"
  },
  {
    "name": { "en": "New Caledonia", "ar": "كاليدونيا الجديدة" },
    "code": "NC"
  },
  { "name": { "en": "New Zealand", "ar": "نيوزيلاندا" }, "code": "NZ" },
  { "name": { "en": "Nicaragua", "ar": "نيكاراغوا" }, "code": "NI" },
  { "name": { "en": "Niger", "ar": "النيجر" }, "code": "NE" },
  { "name": { "en": "Nigeria", "ar": "نيجيريا" }, "code": "NG" },
  { "name": { "en": "Niue", "ar": "ني" }, "code": "NU" },
  { "name": { "en": "Norfolk Island", "ar": "جزيرة نورفولك" }, "code": "NF" },
  {
    "name": { "en": "Northern Mariana Islands", "ar": "جزر مريانا الشمالية" },
    "code": "MP"
  },
  { "name": { "en": "Norway", "ar": "النرويج" }, "code": "NO" },
  { "name": { "en": "Oman", "ar": "سلطنة عمان" }, "code": "OM" },
  { "name": { "en": "Pakistan", "ar": "باكستان" }, "code": "PK" },
  { "name": { "en": "Palau", "ar": "بالاو" }, "code": "PW" },
  {
    "name": {
      "en": "Palestinian Territory, Occupied",
      "ar": "الأراضي الفلسطينية المحتلة"
    },
    "code": "PS"
  },
  { "name": { "en": "Panama", "ar": "بنما" }, "code": "PA" },
  {
    "name": { "en": "Papua New Guinea", "ar": "بابوا غينيا الجديدة" },
    "code": "PG"
  },
  { "name": { "en": "Paraguay", "ar": "باراغواي" }, "code": "PY" },
  { "name": { "en": "Peru", "ar": "بيرو" }, "code": "PE" },
  { "name": { "en": "Philippines", "ar": "الفلبين" }, "code": "PH" },
  { "name": { "en": "Pitcairn", "ar": "بيتكيرن" }, "code": "PN" },
  { "name": { "en": "Poland", "ar": "بولندا" }, "code": "PL" },
  { "name": { "en": "Portugal", "ar": "البرتغال" }, "code": "PT" },
  { "name": { "en": "Puerto Rico", "ar": "بورتوريكو" }, "code": "PR" },
  { "name": { "en": "Qatar", "ar": "قطر" }, "code": "QA" },
  { "name": { "en": "Reunion", "ar": "جمع شمل" }, "code": "RE" },
  { "name": { "en": "Romania", "ar": "رومانيا" }, "code": "RO" },
  {
    "name": { "en": "Russian Federation", "ar": "الاتحاد الروسي" },
    "code": "RU"
  },
  { "name": { "en": "Rwanda", "ar": "رواندا" }, "code": "RW" },
  { "name": { "en": "Saint Helena", "ar": "سانت هيلانة" }, "code": "SH" },
  {
    "name": { "en": "Saint Kitts and Nevis", "ar": "سانت كيتس ونيفيس" },
    "code": "KN"
  },
  { "name": { "en": "Saint Lucia", "ar": "سانت لوسيا" }, "code": "LC" },
  {
    "name": { "en": "Saint Pierre and Miquelon", "ar": "سانت بيير وميكلون" },
    "code": "PM"
  },
  {
    "name": {
      "en": "Saint Vincent and the Grenadines",
      "ar": "سانت فنسنت وجزر غرينادين"
    },
    "code": "VC"
  },
  { "name": { "en": "Samoa", "ar": "ساموا" }, "code": "WS" },
  { "name": { "en": "San Marino", "ar": "سان مارينو" }, "code": "SM" },
  {
    "name": { "en": "Sao Tome and Principe", "ar": "ساو تومي وبرينسيبي" },
    "code": "ST"
  },
  {
    "name": { "en": "Saudi Arabia", "ar": "المملكة العربية السعودية" },
    "code": "SA"
  },
  { "name": { "en": "Senegal", "ar": "السنغال" }, "code": "SN" },
  { "name": { "en": "Serbia", "ar": "صربيا" }, "code": "RS" },
  { "name": { "en": "Seychelles", "ar": "سيشيل" }, "code": "SC" },
  { "name": { "en": "Sierra Leone", "ar": "سيراليون" }, "code": "SL" },
  { "name": { "en": "Singapore", "ar": "سنغافورة" }, "code": "SG" },
  { "name": { "en": "Slovakia", "ar": "سلوفاكيا" }, "code": "SK" },
  { "name": { "en": "Slovenia", "ar": "سلوفينيا" }, "code": "SI" },
  { "name": { "en": "Solomon Islands", "ar": "جزر سليمان" }, "code": "SB" },
  { "name": { "en": "Somalia", "ar": "الصومال" }, "code": "SO" },
  { "name": { "en": "South Africa", "ar": "جنوب أفريقيا" }, "code": "ZA" },
  {
    "name": {
      "en": "South Georgia and the South Sandwich Islands",
      "ar": "جورجيا الجنوبية وجزر ساندويتش الجنوبية"
    },
    "code": "GS"
  },
  { "name": { "en": "Spain", "ar": "إسبانيا" }, "code": "ES" },
  { "name": { "en": "Sri Lanka", "ar": "سريلانكا" }, "code": "LK" },
  { "name": { "en": "Sudan", "ar": "السودان" }, "code": "SD" },
  { "name": { "en": "Suriname", "ar": "سورينام" }, "code": "SR" },
  {
    "name": { "en": "Svalbard and Jan Mayen", "ar": "سفالبارد ويان ماين" },
    "code": "SJ"
  },
  { "name": { "en": "Swaziland", "ar": "سوازيلاند" }, "code": "SZ" },
  { "name": { "en": "Sweden", "ar": "السويد" }, "code": "SE" },
  { "name": { "en": "Switzerland", "ar": "سويسرا" }, "code": "CH" },
  {
    "name": { "en": "Syrian Arab Republic", "ar": "الجمهورية العربية السورية" },
    "code": "SY"
  },
  {
    "name": { "en": "Taiwan, Province of China", "ar": "تايوان، مقاطعة الصين" },
    "code": "TW"
  },
  { "name": { "en": "Tajikistan", "ar": "طاجيكستان" }, "code": "TJ" },
  {
    "name": {
      "en": "Tanzania, United Republic of",
      "ar": "تنزانيا، جمهورية المتحدة"
    },
    "code": "TZ"
  },
  { "name": { "en": "Thailand", "ar": "تايلاند" }, "code": "TH" },
  { "name": { "en": "Timor-Leste", "ar": "تيمور ليشتي" }, "code": "TL" },
  { "name": { "en": "Togo", "ar": "توجو" }, "code": "TG" },
  { "name": { "en": "Tokelau", "ar": "توكيلو" }, "code": "TK" },
  { "name": { "en": "Tonga", "ar": "تونغا" }, "code": "TO" },
  {
    "name": { "en": "Trinidad and Tobago", "ar": "ترينداد وتوباغو" },
    "code": "TT"
  },
  { "name": { "en": "Tunisia", "ar": "تونس" }, "code": "TN" },
  { "name": { "en": "Turkey", "ar": "ديك رومي" }, "code": "TR" },
  { "name": { "en": "Turkmenistan", "ar": "تركمانستان" }, "code": "TM" },
  {
    "name": { "en": "Turks and Caicos Islands", "ar": "جزر تركس وكايكوس" },
    "code": "TC"
  },
  { "name": { "en": "Tuvalu", "ar": "توفالو" }, "code": "TV" },
  { "name": { "en": "Uganda", "ar": "أوغندا" }, "code": "UG" },
  { "name": { "en": "Ukraine", "ar": "أوكرانيا" }, "code": "UA" },
  {
    "name": { "en": "United Arab Emirates", "ar": "الإمارات العربية المتحدة" },
    "code": "AE"
  },
  { "name": { "en": "United Kingdom", "ar": "المملكة المتحدة" }, "code": "GB" },
  { "name": { "en": "United States", "ar": "الولايات المتحدة" }, "code": "US" },
  {
    "name": {
      "en": "United States Minor Outlying Islands",
      "ar": "جزر الولايات المتحدة البعيدة الصغرى"
    },
    "code": "UM"
  },
  { "name": { "en": "Uruguay", "ar": "أوروغواي" }, "code": "UY" },
  { "name": { "en": "Uzbekistan", "ar": "أوزبكستان" }, "code": "UZ" },
  { "name": { "en": "Vanuatu", "ar": "فانواتو" }, "code": "VU" },
  { "name": { "en": "Venezuela", "ar": "فنزويلا" }, "code": "VE" },
  { "name": { "en": "Viet Nam", "ar": "فييت نام" }, "code": "VN" },
  {
    "name": { "en": "Virgin Islands, British", "ar": "جزر العذراء البريطانية" },
    "code": "VG"
  },
  {
    "name": { "en": "Virgin Islands, U.S.", "ar": "جزر العذراء الأمريكية" },
    "code": "VI"
  },
  {
    "name": { "en": "Wallis and Futuna", "ar": "واليس وفوتونا" },
    "code": "WF"
  },
  { "name": { "en": "Western Sahara", "ar": "الصحراء الغربية" }, "code": "EH" },
  { "name": { "en": "Yemen", "ar": "اليمن" }, "code": "YE" },
  { "name": { "en": "Zambia", "ar": "زامبيا" }, "code": "ZM" },
  { "name": { "en": "Zimbabwe", "ar": "زيمبابوي" }, "code": "ZW" }
]
